{
  "hash": "6578d00a",
  "configHash": "def73aec",
  "lockfileHash": "db21660b",
  "browserHash": "c95fa2df",
  "optimized": {
    "@angular/common": {
      "src": "../../../../../../node_modules/@angular/common/fesm2022/common.mjs",
      "file": "@angular_common.js",
      "fileHash": "a2d27ec2",
      "needsInterop": false
    },
    "@angular/common/http": {
      "src": "../../../../../../node_modules/@angular/common/fesm2022/http.mjs",
      "file": "@angular_common_http.js",
      "fileHash": "5c6dd049",
      "needsInterop": false
    },
    "@angular/core": {
      "src": "../../../../../../node_modules/@angular/core/fesm2022/core.mjs",
      "file": "@angular_core.js",
      "fileHash": "822ca476",
      "needsInterop": false
    },
    "@angular/platform-browser": {
      "src": "../../../../../../node_modules/@angular/platform-browser/fesm2022/platform-browser.mjs",
      "file": "@angular_platform-browser.js",
      "fileHash": "6f70bdee",
      "needsInterop": false
    },
    "@angular/router": {
      "src": "../../../../../../node_modules/@angular/router/fesm2022/router.mjs",
      "file": "@angular_router.js",
      "fileHash": "c905fc9d",
      "needsInterop": false
    }
  },
  "chunks": {
    "chunk-N537UPWY": {
      "file": "chunk-N537UPWY.js"
    },
    "chunk-RNEKZLHO": {
      "file": "chunk-RNEKZLHO.js"
    },
    "chunk-WWC5APFF": {
      "file": "chunk-WWC5APFF.js"
    },
    "chunk-I4AHI2R4": {
      "file": "chunk-I4AHI2R4.js"
    }
  }
}